{
  "created_at": "2026-06-13T01:09:31.262571+00:00",
  "best_model": "Ordinal_XGBoost",
  "results": {
    "Ordinal_RandomForest": {
      "accuracy": 0.5649484536082474,
      "f1_macro": 0.36293612166699335,
      "f2_macro": 0.3903524779942763,
      "ordinal_metrics": {
        "exact_accuracy": 0.5649484536082474,
        "adjacent_accuracy": 0.8309278350515464,
        "mae": 0.6927835051546392,
        "severe_error_count": 30,
        "severe_error_rate": 0.061855670103092786,
        "de_macro_recall": 0.5892857142857143
      },
      "confusion_matrix": [
        [
          173,
          1,
          0,
          3,
          12
        ],
        [
          29,
          0,
          0,
          13,
          12
        ],
        [
          3,
          0,
          2,
          20,
          34
        ],
        [
          2,
          0,
          8,
          51,
          58
        ],
        [
          1,
          0,
          2,
          13,
          48
        ]
      ]
    },
    "Ordinal_ExtraTrees": {
      "accuracy": 0.5010309278350515,
      "f1_macro": 0.2838288288288288,
      "f2_macro": 0.3187167857677314,
      "ordinal_metrics": {
        "exact_accuracy": 0.5010309278350515,
        "adjacent_accuracy": 0.7835051546391752,
        "mae": 0.8536082474226804,
        "severe_error_count": 49,
        "severe_error_rate": 0.10103092783505155,
        "de_macro_recall": 0.522780987394958
      },
      "confusion_matrix": [
        [
          171,
          0,
          0,
          0,
          18
        ],
        [
          19,
          0,
          0,
          4,
          31
        ],
        [
          1,
          0,
          0,
          7,
          51
        ],
        [
          0,
          0,
          0,
          11,
          108
        ],
        [
          0,
          0,
          0,
          3,
          61
        ]
      ]
    },
    "Ordinal_XGBoost": {
      "accuracy": 0.6123711340206186,
      "f1_macro": 0.4474549078417045,
      "f2_macro": 0.45190785916799864,
      "ordinal_metrics": {
        "exact_accuracy": 0.6123711340206186,
        "adjacent_accuracy": 0.8989690721649485,
        "mae": 0.5175257731958763,
        "severe_error_count": 14,
        "severe_error_rate": 0.0288659793814433,
        "de_macro_recall": 0.5867253151260504
      },
      "confusion_matrix": [
        [
          171,
          1,
          3,
          14,
          0
        ],
        [
          23,
          2,
          7,
          22,
          0
        ],
        [
          1,
          0,
          11,
          45,
          2
        ],
        [
          0,
          0,
          18,
          82,
          19
        ],
        [
          0,
          0,
          7,
          26,
          31
        ]
      ]
    }
  }
}