{
  "created_at": "2026-06-13T01:08:10.940404+00:00",
  "best_model": "RandomForest",
  "results": {
    "RandomForest": {
      "accuracy": 0.5752577319587628,
      "f1_macro": 0.48303734602975534,
      "f2_macro": 0.48560422867100883,
      "ordinal_metrics": {
        "exact_accuracy": 0.5752577319587628,
        "adjacent_accuracy": 0.8701030927835052,
        "mae": 0.5628865979381443,
        "severe_error_count": 4,
        "severe_error_rate": 0.008247422680412371,
        "de_macro_recall": 0.47754726890756305
      },
      "confusion_matrix": [
        [
          160,
          15,
          13,
          1,
          0
        ],
        [
          17,
          11,
          14,
          11,
          1
        ],
        [
          2,
          7,
          27,
          18,
          5
        ],
        [
          0,
          12,
          41,
          43,
          23
        ],
        [
          0,
          2,
          16,
          8,
          38
        ]
      ]
    },
    "ExtraTrees": {
      "accuracy": 0.5938144329896907,
      "f1_macro": 0.4804709109343655,
      "f2_macro": 0.48647177282314635,
      "ordinal_metrics": {
        "exact_accuracy": 0.5938144329896907,
        "adjacent_accuracy": 0.8804123711340206,
        "mae": 0.5360824742268041,
        "severe_error_count": 5,
        "severe_error_rate": 0.010309278350515464,
        "de_macro_recall": 0.45535714285714285
      },
      "confusion_matrix": [
        [
          171,
          0,
          17,
          1,
          0
        ],
        [
          16,
          6,
          21,
          7,
          4
        ],
        [
          1,
          0,
          37,
          12,
          9
        ],
        [
          0,
          0,
          61,
          34,
          24
        ],
        [
          0,
          0,
          19,
          5,
          40
        ]
      ]
    },
    "XGBoost": {
      "accuracy": 0.6288659793814433,
      "f1_macro": 0.4628292904968633,
      "f2_macro": 0.46356414696912285,
      "ordinal_metrics": {
        "exact_accuracy": 0.6288659793814433,
        "adjacent_accuracy": 0.8989690721649485,
        "mae": 0.5051546391752577,
        "severe_error_count": 16,
        "severe_error_rate": 0.032989690721649485,
        "de_macro_recall": 0.6437762605042017
      },
      "confusion_matrix": [
        [
          171,
          1,
          1,
          16,
          0
        ],
        [
          20,
          7,
          2,
          25,
          0
        ],
        [
          1,
          0,
          3,
          51,
          4
        ],
        [
          0,
          0,
          11,
          90,
          18
        ],
        [
          0,
          0,
          2,
          28,
          34
        ]
      ]
    },
    "SoftVotingEnsemble": {
      "accuracy": 0.5896907216494846,
      "f1_macro": 0.47089832655585334,
      "f2_macro": 0.4712171965983615,
      "ordinal_metrics": {
        "exact_accuracy": 0.5896907216494846,
        "adjacent_accuracy": 0.8969072164948454,
        "mae": 0.5257731958762887,
        "severe_error_count": 6,
        "severe_error_rate": 0.012371134020618556,
        "de_macro_recall": 0.5363707983193278
      },
      "confusion_matrix": [
        [
          167,
          7,
          10,
          5,
          0
        ],
        [
          18,
          6,
          15,
          14,
          1
        ],
        [
          1,
          4,
          18,
          32,
          4
        ],
        [
          0,
          2,
          38,
          57,
          22
        ],
        [
          0,
          0,
          13,
          13,
          38
        ]
      ]
    },
    "StackingEnsemble": {
      "accuracy": 0.5608247422680412,
      "f1_macro": 0.4431211599989501,
      "f2_macro": 0.45319932148455305,
      "ordinal_metrics": {
        "exact_accuracy": 0.5608247422680412,
        "adjacent_accuracy": 0.8845360824742268,
        "mae": 0.5608247422680412,
        "severe_error_count": 3,
        "severe_error_rate": 0.006185567010309278,
        "de_macro_recall": 0.4175420168067227
      },
      "confusion_matrix": [
        [
          169,
          3,
          15,
          2,
          0
        ],
        [
          20,
          5,
          19,
          9,
          1
        ],
        [
          1,
          2,
          33,
          16,
          7
        ],
        [
          0,
          1,
          65,
          25,
          28
        ],
        [
          0,
          0,
          20,
          4,
          40
        ]
      ]
    }
  }
}